match_id,split,fold
5797,DEVELOPMENT,2
5796,DEVELOPMENT,3
6358,DEVELOPMENT,4
5799,DEVELOPMENT,0
5803,DEVELOPMENT,4
5804,DEVELOPMENT,3
5805,DEVELOPMENT,1
5806,DEVELOPMENT,3
5807,DEVELOPMENT,1
5808,DEVELOPMENT,3
5809,DEVELOPMENT,4
5810,DEVELOPMENT,1
5812,DEVELOPMENT,3
6441,DEVELOPMENT,0
6481,DEVELOPMENT,2
5814,DEVELOPMENT,1
5813,DEVELOPMENT,0
5815,DEVELOPMENT,3
5816,DEVELOPMENT,4
6518,DEVELOPMENT,1
6517,DEVELOPMENT,0
6506,DEVELOPMENT,2
6504,DEVELOPMENT,0
6520,DEVELOPMENT,0
6507,DEVELOPMENT,0
6519,DEVELOPMENT,1
6559,DEVELOPMENT,3
6505,DEVELOPMENT,4
6561,DEVELOPMENT,3
6578,DEVELOPMENT,3
6577,DEVELOPMENT,4
6580,DEVELOPMENT,2
6579,DEVELOPMENT,1
6944,DEVELOPMENT,3
6945,DEVELOPMENT,2
6946,DEVELOPMENT,0
6947,DEVELOPMENT,2
6948,DEVELOPMENT,1
6949,DEVELOPMENT,1
6950,DEVELOPMENT,1
7408,DEVELOPMENT,4
6952,DEVELOPMENT,1
6953,DEVELOPMENT,2
6955,DEVELOPMENT,2
6954,DEVELOPMENT,4
6959,DEVELOPMENT,0
6956,DEVELOPMENT,4
6957,DEVELOPMENT,1
6961,DEVELOPMENT,4
6960,DEVELOPMENT,0
6962,DEVELOPMENT,2
6963,DEVELOPMENT,3
6965,DEVELOPMENT,4
6964,DEVELOPMENT,2
6966,DEVELOPMENT,2
6967,DEVELOPMENT,0
6958,DEVELOPMENT,3
6968,DEVELOPMENT,4
6969,DEVELOPMENT,2
6970,DEVELOPMENT,0
6971,DEVELOPMENT,3
6973,DEVELOPMENT,0
6972,DEVELOPMENT,2
6974,DEVELOPMENT,4
6978,DEVELOPMENT,1
6976,DEVELOPMENT,0
6977,DEVELOPMENT,0
6979,DEVELOPMENT,2
7589,DEVELOPMENT,3
6980,DEVELOPMENT,1
6981,DEVELOPMENT,3
6983,DEVELOPMENT,0
6982,DEVELOPMENT,0
6986,DEVELOPMENT,4
6984,FINAL_TEST,
6985,FINAL_TEST,
6987,FINAL_TEST,
6989,FINAL_TEST,
6988,FINAL_TEST,
6990,FINAL_TEST,
6991,FINAL_TEST,
6994,FINAL_TEST,
6993,FINAL_TEST,
6992,FINAL_TEST,
6995,FINAL_TEST,
6997,FINAL_TEST,
6996,FINAL_TEST,
6998,FINAL_TEST,
6999,FINAL_TEST,
7731,FINAL_TEST,
7733,FINAL_TEST,
7732,FINAL_TEST,
7734,FINAL_TEST,
