match_id,date,season,league,home_team,away_team,source_track_label,track_id,track_city,track_name,track_length_m,track_best_time_s,track_best_rider,telemetry_available
5797,2025-06-29T15:00:00+00:00,2025,PGEE,TOR,ZIE,Toruń,,,,,,,1
5796,2025-06-29T17:30:00+00:00,2025,PGEE,RYB,CZE,Rybnik,,,,,,,1
6358,2025-07-03T18:30:00+00:00,2025,PGEE,WRO,CZE,Wrocław,,,,,,,1
5799,2025-07-11T16:00:00+00:00,2025,PGEE,RYB,LUB,Rybnik,,,,,,,1
5803,2025-07-13T15:00:00+00:00,2025,PGEE,WRO,GRU,Wrocław,,,,,,,1
5804,2025-07-13T17:30:00+00:00,2025,PGEE,ZIE,GOR,Zielona Góra,,,,,,,1
5805,2025-07-18T16:00:00+00:00,2025,PGEE,TOR,RYB,Toruń,,,,,,,1
5806,2025-07-18T18:30:00+00:00,2025,PGEE,GOR,CZE,Gorzów,,,,,,,1
5807,2025-07-20T15:00:00+00:00,2025,PGEE,GRU,ZIE,Grudziądz,,,,,,,1
5808,2025-07-20T17:30:00+00:00,2025,PGEE,LUB,WRO,Lublin,,,,,,,1
5809,2025-07-25T16:00:00+00:00,2025,PGEE,TOR,GOR,Toruń,,,,,,,1
5810,2025-07-25T18:30:00+00:00,2025,PGEE,CZE,LUB,Częstochowa,,,,,,,1
5812,2025-07-27T17:30:00+00:00,2025,PGEE,ZIE,WRO,Zielona Góra,,,,,,,1
6441,2025-08-01T17:00:00+00:00,2025,PGEE,CZE,TOR,Częstochowa,,,,,,,1
6481,2025-08-03T18:00:00+00:00,2025,PGEE,RYB,GRU,Rybnik,,,,,,,1
5814,2025-08-08T16:00:00+00:00,2025,PGEE,LUB,ZIE,Lublin,,,,,,,1
5813,2025-08-08T18:30:00+00:00,2025,PGEE,GOR,RYB,Gorzów,,,,,,,1
5815,2025-08-10T15:00:00+00:00,2025,PGEE,GRU,CZE,Grudziądz,,,,,,,1
5816,2025-08-10T17:30:00+00:00,2025,PGEE,WRO,TOR,Wrocław,,,,,,,1
6518,2025-08-22T16:00:00+00:00,2025,PGEE,RYB,ZIE,Rybnik,,,,,,,1
6517,2025-08-22T18:30:00+00:00,2025,PGEE,GRU,LUB,Grudziądz,,,,,,,1
6506,2025-08-24T15:00:00+00:00,2025,PGEE,CZE,GOR,Częstochowa,,,,,,,1
6504,2025-08-24T17:30:00+00:00,2025,PGEE,TOR,WRO,Toruń,,,,,,,1
6520,2025-08-29T17:00:00+00:00,2025,PGEE,ZIE,RYB,Zielona Góra,,,,,,,1
6507,2025-08-31T17:30:00+00:00,2025,PGEE,GOR,CZE,Gorzów,,,,,,,1
6519,2025-09-05T15:45:00+00:00,2025,PGEE,LUB,GRU,Lublin,,,,,,,1
6559,2025-09-05T18:30:00+00:00,2025,PGEE,RYB,GOR,Rybnik,,,,,,,1
6505,2025-09-07T17:30:00+00:00,2025,PGEE,WRO,TOR,Wrocław,,,,,,,1
6561,2025-09-20T17:00:00+00:00,2025,PGEE,GOR,RYB,Gorzów,,,,,,,1
6578,2025-09-21T14:30:00+00:00,2025,PGEE,WRO,GRU,Wrocław,,,,,,,1
6577,2025-09-21T17:30:00+00:00,2025,PGEE,TOR,LUB,Toruń,,,,,,,1
6580,2025-09-27T18:30:00+00:00,2025,PGEE,GRU,WRO,Grudziądz,,,,,,,1
6616,2025-09-28T14:30:00+00:00,2025,PGEE,BYD,GOR,Bydgoszcz,,,,,,,1
6579,2025-09-28T17:30:00+00:00,2025,PGEE,LUB,TOR,Lublin,,,,,,,1
6617,2025-10-05T17:30:00+00:00,2025,PGEE,GOR,BYD,Gorzów,,,,,,,1
6944,2026-04-10T16:00:00+00:00,2026,PGEE,LES,CZE,Stadion im. Alfreda Smoczyka,,,,,,,1
6945,2026-04-10T18:30:00+00:00,2026,PGEE,WRO,ZIE,Stadion Olimpijski we Wrocławiu,,,,,,,1
6946,2026-04-12T15:00:00+00:00,2026,PGEE,GRU,GOR,VENTURE INDUSTRIES ARENA,,,,,,,1
6947,2026-04-12T17:30:00+00:00,2026,PGEE,LUB,TOR,Best Auto Arena,,,,,,,1
6948,2026-04-17T16:00:00+00:00,2026,PGEE,CZE,LUB,Krono-Plast Arena,,,,,,,1
6949,2026-04-17T18:30:00+00:00,2026,PGEE,GOR,WRO,Stadion GBS Gorzów im. Edwarda Jancarza,,,,,,,1
6950,2026-04-19T15:00:00+00:00,2026,PGEE,TOR,LES,Motoarena im. Mariana Rosego,,,,,,,1
7408,2026-04-23T17:30:00+00:00,2026,PGEE,ZIE,GRU,W69,,,,,,,1
6952,2026-04-24T16:00:00+00:00,2026,PGEE,CZE,TOR,Krono-Plast Arena,,,,,,,1
6953,2026-04-24T18:30:00+00:00,2026,PGEE,LUB,ZIE,Best Auto Arena,,,,,,,1
6955,2026-04-26T15:00:00+00:00,2026,PGEE,LES,GOR,Stadion im. Alfreda Smoczyka,,,,,,,1
6954,2026-04-26T17:30:00+00:00,2026,PGEE,GRU,WRO,VENTURE INDUSTRIES ARENA,,,,,,,1
6959,2026-05-01T16:00:00+00:00,2026,PGEE,ZIE,CZE,W69,,,,,,,1
6956,2026-05-03T15:00:00+00:00,2026,PGEE,TOR,GRU,Motoarena im. Mariana Rosego,,,,,,,1
6957,2026-05-03T17:30:00+00:00,2026,PGEE,WRO,LES,Stadion Olimpijski we Wrocławiu,,,,,,,1
6961,2026-05-08T16:00:00+00:00,2026,PGEE,TOR,ZIE,Motoarena im. Mariana Rosego,,,,,,,1
6960,2026-05-08T18:30:00+00:00,2026,PGEE,GRU,LES,VENTURE INDUSTRIES ARENA,,,,,,,1
6962,2026-05-10T15:00:00+00:00,2026,PGEE,CZE,GOR,Krono-Plast Arena,,,,,,,1
6963,2026-05-10T17:30:00+00:00,2026,PGEE,LUB,WRO,Best Auto Arena,,,,,,,1
6965,2026-05-15T17:30:00+00:00,2026,PGEE,GRU,CZE,VENTURE INDUSTRIES ARENA,,,,,,,1
6964,2026-05-15T18:30:00+00:00,2026,PGEE,GOR,ZIE,Stadion GBS Gorzów im. Edwarda Jancarza,,,,,,,1
6966,2026-05-17T15:00:00+00:00,2026,PGEE,LES,LUB,Stadion im. Alfreda Smoczyka,,,,,,,1
6967,2026-05-17T17:30:00+00:00,2026,PGEE,WRO,TOR,Stadion Olimpijski we Wrocławiu,,,,,,,1
6958,2026-05-24T17:30:00+00:00,2026,PGEE,GOR,LUB,Stadion GBS Gorzów im. Edwarda Jancarza,,,,,,,1
6968,2026-05-29T16:00:00+00:00,2026,PGEE,CZE,WRO,Krono-Plast Arena,,,,,,,1
6969,2026-05-29T18:30:00+00:00,2026,PGEE,LUB,GRU,Best Auto Arena,,,,,,,1
6970,2026-05-31T15:00:00+00:00,2026,PGEE,TOR,GOR,Motoarena im. Mariana Rosego,,,,,,,1
6971,2026-05-31T18:00:00+00:00,2026,PGEE,ZIE,LES,W69,,,,,,,1
6973,2026-06-12T16:00:00+00:00,2026,PGEE,LUB,CZE,Best Auto Arena,,,,,,,1
6972,2026-06-12T18:30:00+00:00,2026,PGEE,LES,TOR,Stadion im. Alfreda Smoczyka,,,,,,,1
6974,2026-06-14T17:30:00+00:00,2026,PGEE,GRU,ZIE,VENTURE INDUSTRIES ARENA,,,,,,,1
6978,2026-06-19T16:00:00+00:00,2026,PGEE,CZE,LES,Krono-Plast Arena,,,,,,,1
6976,2026-06-19T18:30:00+00:00,2026,PGEE,GOR,GRU,Stadion GBS Gorzów im. Edwarda Jancarza,,,,,,,1
6977,2026-06-21T15:00:00+00:00,2026,PGEE,ZIE,WRO,W69,,,,,,,1
6979,2026-06-21T17:20:00+00:00,2026,PGEE,TOR,LUB,Motoarena im. Mariana Rosego,,,,,,,1
7589,2026-06-23T17:00:00+00:00,2026,PGEE,WRO,GOR,Stadion Olimpijski we Wrocławiu,,,,,,,1
6980,2026-06-26T16:00:00+00:00,2026,PGEE,TOR,CZE,Motoarena im. Mariana Rosego,,,,,,,1
6981,2026-06-26T18:30:00+00:00,2026,PGEE,WRO,GRU,Stadion Olimpijski we Wrocławiu,,,,,,,1
6983,2026-06-28T17:00:00+00:00,2026,PGEE,ZIE,LUB,W69,,,,,,,1
6982,2026-06-28T19:00:00+00:00,2026,PGEE,GOR,LES,Stadion GBS Gorzów im. Edwarda Jancarza,,,,,,,1
6986,2026-07-03T16:00:00+00:00,2026,PGEE,CZE,ZIE,Krono-Plast Arena,,,,,,,1
6984,2026-07-03T18:30:00+00:00,2026,PGEE,LES,WRO,Stadion im. Alfreda Smoczyka,,,,,,,1
6985,2026-07-05T15:00:00+00:00,2026,PGEE,LUB,GOR,Best Auto Arena,,,,,,,1
6987,2026-07-05T17:30:00+00:00,2026,PGEE,GRU,TOR,VENTURE INDUSTRIES ARENA,,,,,,,1
6989,2026-08-02T15:00:00+00:00,2026,PGEE,ZIE,TOR,W69,,,,,,,1
6988,2026-08-02T17:30:00+00:00,2026,PGEE,LES,GRU,Stadion im. Alfreda Smoczyka,,,,,,,1
6990,2026-08-09T15:00:00+00:00,2026,PGEE,GOR,CZE,Stadion GBS Gorzów im. Edwarda Jancarza,,,,,,,1
6991,2026-08-09T17:30:00+00:00,2026,PGEE,WRO,LUB,Stadion Olimpijski we Wrocławiu,,,,,,,1
6994,2026-08-14T16:00:00+00:00,2026,PGEE,CZE,GRU,Krono-Plast Arena,,,,,,,1
6993,2026-08-14T18:30:00+00:00,2026,PGEE,ZIE,GOR,W69,,,,,,,1
6992,2026-08-16T15:00:00+00:00,2026,PGEE,LUB,LES,Best Auto Arena,,,,,,,1
6995,2026-08-16T17:30:00+00:00,2026,PGEE,TOR,WRO,Motoarena im. Mariana Rosego,,,,,,,1
6997,2026-08-21T15:45:00+00:00,2026,PGEE,WRO,CZE,Stadion Olimpijski we Wrocławiu,,,,,,,1
6996,2026-08-21T18:30:00+00:00,2026,PGEE,GRU,LUB,VENTURE INDUSTRIES ARENA,,,,,,,1
6998,2026-08-23T15:00:00+00:00,2026,PGEE,GOR,TOR,Stadion GBS Gorzów im. Edwarda Jancarza,,,,,,,1
6999,2026-08-23T17:30:00+00:00,2026,PGEE,LES,ZIE,Stadion im. Alfreda Smoczyka,,,,,,,1
7731,2026-08-30T15:00:00+00:00,2026,PGEE,CZE,GRU,Krono-Plast Arena,,,,,,,1
7733,2026-08-30T17:30:00+00:00,2026,PGEE,ZIE,GOR,W69,,,,,,,1
7732,2026-09-04T17:30:00+00:00,2026,PGEE,GRU,CZE,VENTURE INDUSTRIES ARENA,,,,,,,1
7734,2026-09-04T18:30:00+00:00,2026,PGEE,GOR,ZIE,Stadion GBS Gorzów im. Edwarda Jancarza,,,,,,,1
